{
  "dati": [
    {
      "codProvincia": "AG",
      "descProvincia": "AGRIGENTO",
      "codRegione": "19"
    },
    {
      "codProvincia": "AL",
      "descProvincia": "ALESSANDRIA",
      "codRegione": "1"
    },
    {
      "codProvincia": "AN",
      "descProvincia": "ANCONA",
      "codRegione": "11"
    },
    {
      "codProvincia": "AO",
      "descProvincia": "AOSTA",
      "codRegione": "2"
    },
    {
      "codProvincia": "AR",
      "descProvincia": "AREZZO",
      "codRegione": "9"
    },
    {
      "codProvincia": "AP",
      "descProvincia": "ASCOLI PICENO",
      "codRegione": "11"
    },
    {
      "codProvincia": "AT",
      "descProvincia": "ASTI",
      "codRegione": "1"
    },
    {
      "codProvincia": "AV",
      "descProvincia": "AVELLINO",
      "codRegione": "15"
    },
    {
      "codProvincia": "BA",
      "descProvincia": "BARI",
      "codRegione": "16"
    },
    {
      "codProvincia": "BT",
      "descProvincia": "BARLETTA-ANDRIA-TRANI",
      "codRegione": "16"
    },
    {
      "codProvincia": "BL",
      "descProvincia": "BELLUNO",
      "codRegione": "5"
    },
    {
      "codProvincia": "BN",
      "descProvincia": "BENEVENTO",
      "codRegione": "15"
    },
    {
      "codProvincia": "BG",
      "descProvincia": "BERGAMO",
      "codRegione": "3"
    },
    {
      "codProvincia": "BI",
      "descProvincia": "BIELLA",
      "codRegione": "1"
    },
    {
      "codProvincia": "BO",
      "descProvincia": "BOLOGNA",
      "codRegione": "8"
    },
    {
      "codProvincia": "BZ",
      "descProvincia": "BOLZANO",
      "codRegione": "4"
    },
    {
      "codProvincia": "BS",
      "descProvincia": "BRESCIA",
      "codRegione": "3"
    },
    {
      "codProvincia": "BR",
      "descProvincia": "BRINDISI",
      "codRegione": "16"
    },
    {
      "codProvincia": "CA",
      "descProvincia": "CAGLIARI",
      "codRegione": "20"
    },
    {
      "codProvincia": "CL",
      "descProvincia": "CALTANISSETTA",
      "codRegione": "19"
    },
    {
      "codProvincia": "CB",
      "descProvincia": "CAMPOBASSO",
      "codRegione": "14"
    },
    {
      "codProvincia": "CI",
      "descProvincia": "CARBONIA-IGLESIAS",
      "codRegione": "20"
    },
    {
      "codProvincia": "CE",
      "descProvincia": "CASERTA",
      "codRegione": "15"
    },
    {
      "codProvincia": "CH",
      "descProvincia": "CHIETI",
      "codRegione": "13"
    },
    {
      "codProvincia": "CO",
      "descProvincia": "COMO",
      "codRegione": "3"
    },
    {
      "codProvincia": "CS",
      "descProvincia": "COSENZA",
      "codRegione": "18"
    },
    {
      "codProvincia": "CR",
      "descProvincia": "CREMONA",
      "codRegione": "3"
    },
    {
      "codProvincia": "CN",
      "descProvincia": "CUNEO",
      "codRegione": "1"
    },
    {
      "codProvincia": "AQ",
      "descProvincia": "L'AQUILA",
      "codRegione": "13"
    },
    {
      "codProvincia": "99",
      "descProvincia": "NON SPECIFICATO / ESTERO",
      "codRegione": "99"
    }
  ]
}
