{
  dati: [
    {
      "idDipendente": "9a49d742-6c28-45fc-ad36-699848110514",
      "codFiscale": "BLLHBR80C07B519M",
      "cognome": "BALLERINA",
      "nome": "HERBERT",
      "dtNascita": "19800307",
      "sesso": "M",
      "certificato": "true",
      "telefonoCellulare": "3433101234",
      "descTipoPersonale": "ISPETTORE ANTINCENDI COORDINATORE",
      "descSede": "via Cavour 5 ROMA(RM)",
      "descUnitaOrganizzativa": "Comando VV.F. ROMA",
      "codComuneNascita": "70006",
      "descComuneNascita": "CAMPOBASSO",
      "codProvinciaNascita": "CB",
      "descProvinciaNascita": "CAMPOBASSO",
      "gruppoSanguinio": "A+",
      "codTipoPersonale": "4d583452-5756-584b-3839-585538455a52",
      "codUnitaOrganizzativa": "92f73379-6fd8-10aa-e053-0b14a8c0860e",
      "codSede" : "935d1a65-0f6e-76ff-e050-a8c0d3064563",
    },
    {
      "idDipendente": "13713178-8f2a-48a0-9e7a-f0cda56267a6",
      "codFiscale": "PLRMRN80P14A462D",
      "cognome": "PELURIA",
      "nome": "MARINO",
      "dtNascita": "19800914",
      "sesso": "M",
      "certificato": "true",
      "telefonoCellulare": "3401101234",
      "descTipoPersonale": "ISPETTORE ANTINCENDI COORDINATORE",
      "descSede": "via Cavour 5 ROMA(RM)",
      "descUnitaOrganizzativa": "Comando VV.F. ROMA",
      "codComuneNascita": "44007",
      "descComuneNascita": "ASCOLI PICENO",
      "codProvinciaNascita": "AP",
      "descProvinciaNascita": "ASCOLI PICENO",
      "gruppoSanguinio": "A+",
      "codTipoPersonale": "4d583452-5756-584b-3839-585538455a52",
      "codUnitaOrganizzativa": "92f73379-6fd8-10aa-e053-0b14a8c0860e",
      "codSede": "935d1a65-0f6e-76ff-e050-a8c0d3064563"
    },
    {
      "idDipendente": "7f058577-e1ac-451b-bdd0-188420bc16aa",
      "codFiscale": "CHCYRU69R11G999D",
      "cognome": "CHECHI",
      "nome": "YURI",
      "dtNascita": "19691011",
      "sesso": "M",
      "certificato": "true",
      "telefonoCellulare": "3433101234",
      "descTipoPersonale": "ISPETTORE ANTINCENDI COORDINATORE",
      "descSede": "via Cavour 5 ROMA(RM)",
      "descUnitaOrganizzativa": "Comando VV.F. ROMA",
      "codComuneNascita": "100005",
      "descComuneNascita": "PRATO",
      "codProvinciaNascita": "PO",
      "descProvinciaNascita": "PRATO",
      "gruppoSanguinio": "A+",
      "codTipoPersonale": "4d583452-5756-584b-3839-585538455a52",
      "codUnitaOrganizzativa": "92f73379-6fd8-10aa-e053-0b14a8c0860e",
      "codSede": "935d1a65-0f6e-76ff-e050-a8c0d3064563"
    },
    {
      "idDipendente": "2e368bda-41f4-42a1-b70c-5f4693465a11",
      "codFiscale": "LGZGUO75P14H501U",
      "cognome": "LEGOZZI",
      "nome": "UGO",
      "dtNascita": "19750914",
      "sesso": "M",
      "certificato": "true",
      "telefonoCellulare": "3404001234",
      "descTipoPersonale": "ISPETTORE ANTINCENDI COORDINATORE",
      "descSede": "via Cavour 5 ROMA(RM)",
      "descUnitaOrganizzativa": "Comando VV.F. ROMA",
      "codComuneNascita": "58091",
      "descComuneNascita": "ROMA",
      "codProvinciaNascita": "RM",
      "descProvinciaNascita": "ROMA",
      "gruppoSanguinio": "A+",
      "codTipoPersonale": "4d583452-5756-584b-3839-585538455a52",
      "codUnitaOrganizzativa": "92f73379-6fd8-10aa-e053-0b14a8c0860e",
      "codSede": "935d1a65-0f6e-76ff-e050-a8c0d3064563"
    },
    {
      "idDipendente": "c22097a2-f0cf-490b-8d87-4ff304e8229a",
      "codFiscale": "NRTRRT80H12H501B",
      "cognome": "NIRTA",
      "nome": "ROBERTO",
      "dtNascita": "19800612",
      "sesso": "M",
      "certificato": "true",
      "telefonoCellulare": "null",
      "descTipoPersonale": "ISPETTORE ANTINCENDI COORDINATORE",
      "descSede": "via Cavour 5 ROMA(RM)",
      "descUnitaOrganizzativa": "E.U.R.",
      "codComuneNascita": "58091",
      "descComuneNascita": "ROMA",
      "codProvinciaNascita": "RM",
      "descProvinciaNascita": "ROMA",
      "gruppoSanguinio": "A+",
      "codTipoPersonale": "4d583452-5756-584b-3839-585538455a52",
      "codUnitaOrganizzativa": "92f73379-6fd8-10aa-e053-0b14a8c0860e",
      "codSede": "935d1a65-0f6e-76ff-e050-a8c0d3064563"
    },
    {
      "idDipendente": "d1634242-ad0b-490c-938e-e21057d1d930",
      "codFiscale": "BRBBRN62A12F083G",
      "cognome": "BARBIERI",
      "nome": "BRUNO",
      "dtNascita": "19620112",
      "sesso": "M",
      "certificato": "true",
      "telefonoCellulare": "3433101234",
      "descTipoPersonale": "ISPETTORE ANTINCENDI COORDINATORE",
      "descSede": "via Cavour 5 ROMA(RM)",
      "descUnitaOrganizzativa": "Comando VV.F. ROMA",
      "codComuneNascita": "37037",
      "descComuneNascita": "MEDICINA",
      "codProvinciaNascita": "BO",
      "descProvinciaNascita": "BOLOGNA",
      "gruppoSanguinio": "A+",
      "codTipoPersonale": "4d583452-5756-584b-3839-585538455a52",
      "codUnitaOrganizzativa": "92f73379-6fd8-10aa-e053-0b14a8c0860e",
      "codSede": "935d1a65-0f6e-76ff-e050-a8c0d3064563"
    },
    {
      "idDipendente": "9f49e6ad-716e-4647-8d3d-ff1e92544aab",
      "codFiscale": "TBLHNC33M71E927X",
      "cognome": "ROSSI",
      "nome": "MARIO",
      "dtNascita": "20191214",
      "sesso": "M",
      "certificato": "true",
      "telefonoCellulare": "3484575124",
      "descTipoPersonale": "ISPETTORE ANTINCENDI COORDINATORE",
      "descSede": "via Cavour 5 ROMA(RM)",
      "descUnitaOrganizzativa": "Comando VV.F. ROMA",
      "codComuneNascita": "57036",
      "descComuneNascita": "MARCETELLI",
      "codProvinciaNascita": "RI",
      "descProvinciaNascita": "RIETI",
      "gruppoSanguinio": "AB",
      "codTipoPersonale": "4d583452-5756-584b-3839-585538455a52",
      "codUnitaOrganizzativa": "92f73379-6fd8-10aa-e053-0b14a8c0860e",
      "codSede": "935d1a65-0f6e-76ff-e050-a8c0d3064563"
    },
    {
      "idDipendente": "542d6533-bedd-4614-a760-9e5376e1fbad",
      "codFiscale": "MSSJMI91R10H501F",
      "cognome": "MASSEW",
      "nome": "JIM",
      "dtNascita": "19911010",
      "sesso": "M",
      "certificato": "true",
      "telefonoCellulare": "3404001234",
      "descTipoPersonale": "ISPETTORE ANTINCENDI COORDINATORE",
      "descSede": "via Cavour 5 ROMA(RM)",
      "descUnitaOrganizzativa": "Comando VV.F. ROMA",
      "codComuneNascita": "58091",
      "descComuneNascita": "ROMA",
      "codProvinciaNascita": "RM",
      "descProvinciaNascita": "ROMA",
      "gruppoSanguinio": "A+",
      "codTipoPersonale": "4d583452-5756-584b-3839-585538455a52",
      "codUnitaOrganizzativa": "92f73379-6fd8-10aa-e053-0b14a8c0860e",
      "codSede": "935d1a65-0f6e-76ff-e050-a8c0d3064563"
    },
    {
      "idDipendente": "f3c9d904-0fef-42bf-b478-f0e4c19819c6",
      "codFiscale": "VRMNNN00H30H501D",
      "cognome": "VERME",
      "nome": "ANTONINO",
      "dtNascita": "20000630",
      "sesso": "M",
      "certificato": "true",
      "telefonoCellulare": "3404001234",
      "descTipoPersonale": "ISPETTORE ANTINCENDI COORDINATORE",
      "descSede": "via Cavour 5 ROMA(RM)",
      "descUnitaOrganizzativa": "Comando VV.F. ROMA",
      "codComuneNascita": "58091",
      "descComuneNascita": "ROMA",
      "codProvinciaNascita": "RM",
      "descProvinciaNascita": "ROMA",
      "gruppoSanguinio": "B+",
      "codTipoPersonale": "4d583452-5756-584b-3839-585538455a52",
      "codUnitaOrganizzativa": "92f73379-6fd8-10aa-e053-0b14a8c0860e",
      "codSede": "935d1a65-0f6e-76ff-e050-a8c0d3064563"
    }
  ],
  "message" :  "Lista dipendenti"
}