{
  dati: [
    {
      "idDipendente": "9a49d742-6c28-45fc-ad36-699848110514",
      "codFiscale": "BLLHBR80C07B519M",
      "cognome": "BALLERINA",
      "nome": "HERBERT",
      "dtNascita": "19800307",
      "sesso": "M",
      "certificato": "true",
      "telefonoCellulare": "3433101234",
      "descTipoPersonale": "ISPETTORE ANTINCENDI COORDINATORE",
      "descSede": "Via Martiri della Libertà, 77 ROMA(RM)",
      "descUnitaOrganizzativa": "Lecco"
    },
    {
      "idDipendente": "13713178-8f2a-48a0-9e7a-f0cda56267a6",
      "codFiscale": "PLRMRN80P14A462D",
      "cognome": "PELURIA",
      "nome": "MARINO",
      "dtNascita": "19800914",
      "sesso": "M",
      "certificato": "true",
      "telefonoCellulare": "3401101234",
      "descTipoPersonale": "ISPETTORE ANTINCENDI COORDINATORE",
      "descSede": "Via Martiri della Libertà, 77 ROMA(RM)",
      "descUnitaOrganizzativa": "Lecco"
    },
    {
      "idDipendente": "7f058577-e1ac-451b-bdd0-188420bc16aa",
      "codFiscale": "CHCYRU69R11G999D",
      "cognome": "CHECHI",
      "nome": "YURI",
      "dtNascita": "19691011",
      "sesso": "M",
      "certificato": "true",
      "telefonoCellulare": "3433101234",
      "descTipoPersonale": "ISPETTORE ANTINCENDI COORDINATORE",
      "descSede": "Via Martiri della Libertà, 77 ROMA(RM)",
      "descUnitaOrganizzativa": "Lecco"
    },
    {
      "idDipendente": "2e368bda-41f4-42a1-b70c-5f4693465a11",
      "codFiscale": "LGZGUO75P14H501U",
      "cognome": "LEGOZZI",
      "nome": "UGO",
      "dtNascita": "19750914",
      "sesso": "M",
      "certificato": "true",
      "telefonoCellulare": "3404001234",
      "descTipoPersonale": "ISPETTORE ANTINCENDI COORDINATORE",
      "descSede": "Via Martiri della Libertà, 77 ROMA(RM)",
      "descUnitaOrganizzativa": "Lecco"
    },
    {
      "idDipendente": "c22097a2-f0cf-490b-8d87-4ff304e8229a",
      "codFiscale": "NRTRRT80H12H501B",
      "cognome": "NIRTA",
      "nome": "ROBERTO",
      "dtNascita": "19800612",
      "sesso": "M",
      "certificato": "true",
      "telefonoCellulare": "null",
      "descTipoPersonale": "ISPETTORE ANTINCENDI COORDINATORE",
      "descSede": "Via Martiri della Libertà, 77 ROMA(RM)",
      "descUnitaOrganizzativa": "E.U.R."
    },
    {
      "idDipendente": "d1634242-ad0b-490c-938e-e21057d1d930",
      "codFiscale": "BRBBRN62A12F083G",
      "cognome": "BARBIERI",
      "nome": "BRUNO",
      "dtNascita": "19620112",
      "sesso": "M",
      "certificato": "true",
      "telefonoCellulare": "3433101234",
      "descTipoPersonale": "ISPETTORE ANTINCENDI COORDINATORE",
      "descSede": "Via Martiri della Libertà, 77 ROMA(RM)",
      "descUnitaOrganizzativa": "Lecco"
    },
    {
      "idDipendente": "9f49e6ad-716e-4647-8d3d-ff1e92544aab",
      "codFiscale": "TBLHNC33M71E927X",
      "cognome": "ROSSI",
      "nome": "MARIO",
      "dtNascita": "20191214",
      "sesso": "M",
      "certificato": "true",
      "telefonoCellulare": "3484575124",
      "descTipoPersonale": "ISPETTORE ANTINCENDI COORDINATORE",
      "descSede": "Via Martiri della Libertà, 77 ROMA(RM)",
      "descUnitaOrganizzativa": "Lecco"
    },
    {
      "idDipendente": "542d6533-bedd-4614-a760-9e5376e1fbad",
      "codFiscale": "MSSJMI91R10H501F",
      "cognome": "MASSEW",
      "nome": "JIM",
      "dtNascita": "19911010",
      "sesso": "M",
      "certificato": "true",
      "telefonoCellulare": "3404001234",
      "descTipoPersonale": "ISPETTORE ANTINCENDI COORDINATORE",
      "descSede": "Via Martiri della Libertà, 77 ROMA(RM)",
      "descUnitaOrganizzativa": "Lecco"
    },
    {
      "idDipendente": "f3c9d904-0fef-42bf-b478-f0e4c19819c6",
      "codFiscale": "VRMNNN00H30H501D",
      "cognome": "VERME",
      "nome": "ANTONINO",
      "dtNascita": "20000630",
      "sesso": "M",
      "certificato": "true",
      "telefonoCellulare": "3404001234",
      "descTipoPersonale": "ISPETTORE ANTINCENDI COORDINATORE",
      "descSede": "Via Martiri della Libertà, 77 ROMA(RM)",
      "descUnitaOrganizzativa": "Lecco"
    }
  ],
  "message" :  "Lista dipendenti"
}