{
  "dati": [
    {
      "codSede": "935d1a65-0f6e-76ff-e050-a8c0d3064563",
      "indirizzoSede": {
        "indirizzo": "via Cavour 5 - ROMA",
        "cap": "00100",
        "codRegione": "12",
        "codProvincia": "RM",
        "codComune": "58091"
      }
    },
    {
      "codSede": "935d1a65-0d20-76ff-e050-a8c0d3064563",
      "indirizzoSede": {
        "indirizzo": "Piazza Martiri, 1",
        "cap": "10080",
        "codRegione": "01",
        "codProvincia": "TO",
        "codComune": "1033"
      }
    },
    {
      "codSede": "935d1a65-0d22-76ff-e050-a8c0d3064563",
      "indirizzoSede": {
        "indirizzo": "Via Umberto I, 41",
        "cap": "10060",
        "codRegione": "01",
        "codProvincia": "TO",
        "codComune": "1103"
      }
    },
    {
      "codSede": "935d1a65-0d30-76ff-e050-a8c0d3064563",
      "indirizzoSede": {
        "indirizzo": "V.S. Giovanni Eudes snc",
        "cap": "00163",
        "codRegione": "12",
        "codProvincia": "RM",
        "codComune": "58091"
      }
    },
    {
      "codSede": "935d1a65-0d6a-76ff-e050-a8c0d3064563",
      "indirizzoSede": {
        "indirizzo": "Via Ronchi, 20",
        "cap": "16100",
        "codRegione": "07",
        "codProvincia": "GE",
        "codComune": "10025"
      }
    },
    {
      "codSede": "935d1a65-0d71-76ff-e050-a8c0d3064563",
      "indirizzoSede": {
        "indirizzo": "Loc. Ponte Ardeto",
        "cap": "55032",
        "codRegione": "09",
        "codProvincia": "LU",
        "codComune": "46009"
      }
    },
    {
      "codSede": "935d1a65-0d7c-76ff-e050-a8c0d3064563",
      "indirizzoSede": {
        "indirizzo": "Via del Sole, 10",
        "cap": "80138",
        "codRegione": "15",
        "codProvincia": "NA",
        "codComune": "63049"
      }
    },
    {
      "codSede": "935d1a65-0d83-76ff-e050-a8c0d3064563",
      "indirizzoSede": {
        "indirizzo": "Via Sardegna, 8",
        "cap": "20100",
        "codRegione": "03",
        "codProvincia": "MI",
        "codComune": "15146"
      }
    },
    {
      "codSede": "935d1a65-0d8c-76ff-e050-a8c0d3064563",
      "indirizzoSede": {
        "indirizzo": "Via Suor Caterina Scotta n. 4",
        "cap": "12025",
        "codRegione": "01",
        "codProvincia": "CN",
        "codComune": "4082"
      }
    },
    {
      "codSede": "935d1a65-0d8d-76ff-e050-a8c0d3064563",
      "indirizzoSede": {
        "indirizzo": "Via Le Petit",
        "cap": "12075",
        "codRegione": "01",
        "codProvincia": "CN",
        "codComune": "4095"
      }
    },
    {
      "codSede": "935d1a65-0dd2-76ff-e050-a8c0d3064563",
      "indirizzoSede": {
        "indirizzo": "Via Treppo, 3",
        "cap": "33020",
        "codRegione": "06",
        "codProvincia": "UD",
        "codComune": "30191"
      }
    },
    {
      "codSede": "935d1a65-0dd3-76ff-e050-a8c0d3064563",
      "indirizzoSede": {
        "indirizzo": "Via Cagliari, 58",
        "cap": "09042",
        "codRegione": "20",
        "codProvincia": "SU",
        "codComune": "111039"
      }
    },
    {
      "codSede": "935d1a65-0d1b-76ff-e050-a8c0d3064563",
      "indirizzoSede": {
        "indirizzo": "Via Proietti Divi",
        "cap": "05100",
        "codRegione": "10",
        "codProvincia": "TR",
        "codComune": "55030"
      }
    },
    {
      "codSede": "935d1a65-0d27-76ff-e050-a8c0d3064563",
      "indirizzoSede": {
        "indirizzo": "",
        "cap": "28857",
        "codRegione": "01",
        "codProvincia": "VB",
        "codComune": "103062"
      }
    },
    {
      "codSede": "935d1a65-0d36-76ff-e050-a8c0d3064563",
      "indirizzoSede": {
        "indirizzo": "Via Varisco",
        "cap": "47900",
        "codRegione": "08",
        "codProvincia": "RN",
        "codComune": "99014"
      }
    },
    {
      "codSede": "935d1a65-0d45-76ff-e050-a8c0d3064563",
      "indirizzoSede": {
        "indirizzo": "Via Antoniana, 10",
        "cap": "19125",
        "codRegione": "07",
        "codProvincia": "SP",
        "codComune": "11015"
      }
    },
    {
      "codSede": "935d1a65-0d47-76ff-e050-a8c0d3064563",
      "indirizzoSede": {
        "indirizzo": "Aeroporto Fertilia",
        "cap": "07041",
        "codRegione": "20",
        "codProvincia": "SS",
        "codComune": "90003"
      }
    },
    {
      "codSede": "935d1a65-0d49-76ff-e050-a8c0d3064563",
      "indirizzoSede": {
        "indirizzo": "Aeroporto Olbia",
        "cap": "07026",
        "codRegione": "20",
        "codProvincia": "SS",
        "codComune": "90047"
      }
    },
    {
      "codSede": "935d1a65-0d5a-76ff-e050-a8c0d3064563",
      "indirizzoSede": {
        "indirizzo": "Via dell'Artigianato, 22",
        "cap": "29022",
        "codRegione": "08",
        "codProvincia": "PC",
        "codComune": "33005"
      }
    },
    {
      "codSede": "935d1a65-0d81-76ff-e050-a8c0d3064563",
      "indirizzoSede": {
        "indirizzo": "Via Messina, 35",
        "cap": "20100",
        "codRegione": "03",
        "codProvincia": "MI",
        "codComune": "15146"
      }
    },
    {
      "codSede": "935d1a65-0d89-76ff-e050-a8c0d3064563",
      "indirizzoSede": {
        "indirizzo": "Corso Romita",
        "cap": "12022",
        "codRegione": "01",
        "codProvincia": "CN",
        "codComune": "4034"
      }
    }
  ]
}
