{
  "dati": [
    {
      "codUnitaOrganizzativa": "92f73379-6fd8-10aa-e053-0b14a8c0860e",
      "descUnitaOrganizzativa": "Comando VV.F. ROMA",
      "codTipologia": "CMD",
      "dtValInizio": "20191017",
      "dtValFine": ""
    },
    {
      "codUnitaOrganizzativa": "92f73379-6fad-10aa-e053-0b14a8c0860e",
      "descUnitaOrganizzativaBreve": "FORLI'-CESENA",
      "descUnitaOrganizzativa": "Comando VV.F. FORLI'-CESENA",
      "codTipologia": "CMD",
      "dtValInizio": "20191017",
      "dtValFine": ""
      
    },
    {
      "codUnitaOrganizzativa": "92f73379-6f80-10aa-e053-0b14a8c0860e",
      "descUnitaOrganizzativaBreve": "Uff. Capo del Corpo VVF",
      "descUnitaOrganizzativa": "Ufficio del Capo del Corpo nazionale dei vigili del fuoco",
      "codTipologia": "STF",
      "dtValInizio": "20191016",
      "dtValFine": ""
     
    },
    {
      "codUnitaOrganizzativa": "92f73379-6f87-10aa-e053-0b14a8c0860e",
      "descUnitaOrganizzativaBreve": "Campania",
      "descUnitaOrganizzativa": "Direzione Regionale VV.F. Campania",
      "codTipologia": "ISP",
      "dtValInizio": "20191017",
      "dtValFine": ""
      
    },
    {
      "codUnitaOrganizzativa": "92f73379-6f9f-10aa-e053-0b14a8c0860e",
      "descUnitaOrganizzativaBreve": "CAMPOBASSO",
      "descUnitaOrganizzativa": "Comando VV.F. CAMPOBASSO",
      "codTipologia": "CMD",
      "dtValInizio": "20191017",
      "dtValFine": ""
      
    },
    {
      "codUnitaOrganizzativa": "92f73379-6fa5-10aa-e053-0b14a8c0860e",
      "descUnitaOrganizzativaBreve": "CREMONA",
      "descUnitaOrganizzativa": "Comando VV.F. CREMONA",
      "codTipologia": "CMD",
      "dtValInizio": "20191017",
      "dtValFine": ""
    },
    {
      "codUnitaOrganizzativa": "92f73379-6fb5-10aa-e053-0b14a8c0860e",
      "descUnitaOrganizzativaBreve": "LECCO",
      "descUnitaOrganizzativa": "Comando VV.F. LECCO",
      "codTipologia": "CMD",
      "dtValInizio": "20191017",
      "dtValFine": ""
      
    },
    {
      "codUnitaOrganizzativa": "92f73379-6fb7-10aa-e053-0b14a8c0860e",
      "descUnitaOrganizzativaBreve": "LIVORNO",
      "descUnitaOrganizzativa": "Comando VV.F. LIVORNO",
      "codTipologia": "CMD",
      
      "dtValInizio": "20191017",
      "dtValFine": ""
      
    },
    {
      "codUnitaOrganizzativa": "92f73379-6fd9-10aa-e053-0b14a8c0860e",
      "descUnitaOrganizzativaBreve": "RIMINI",
      "descUnitaOrganizzativa": "Comando VV.F. RIMINI",
      "codTipologia": "CMD",
      
      "dtValInizio": "20191017",
      "dtValFine": ""
      
    },
    {
      "codUnitaOrganizzativa": "92f73379-6fe7-10aa-e053-0b14a8c0860e",
      "descUnitaOrganizzativaBreve": "MONZA",
      "descUnitaOrganizzativa": "Comando VV.F. MONZA",
      "codTipologia": "CMD",
      
      "dtValInizio": "20191017",
      "dtValFine": ""
      
    },
    {
      "codUnitaOrganizzativa": "92f73379-7000-10aa-e053-0b14a8c0860e",
      "descUnitaOrganizzativaBreve": "VERONA",
      "descUnitaOrganizzativa": "Comando VV.F. VERONA",
      "codTipologia": "CMD",
      
      "dtValInizio": "20191017",
      "dtValFine": ""
      
    },
    {
      "codUnitaOrganizzativa": "92f73379-7005-10aa-e053-0b14a8c0860e",
      "descUnitaOrganizzativaBreve": "DCESTAB",
      "descUnitaOrganizzativa": "Direzione Centrale per l'Emergenza e il Soccorso Tecnico e l'Antincedio Boschivo",
      "codTipologia": "DIR",
      
      "dtValInizio": "20191017",
      "dtValFine": ""
      
    },
    {
      "codUnitaOrganizzativa": "92f73379-7042-10aa-e053-0b14a8c0860e",
      "descUnitaOrganizzativaBreve": "Ciampino",
      "descUnitaOrganizzativa": "Ciampino",
      "codTipologia": "DST",
      
      "dtValInizio": "20191017",
      "dtValFine": ""
      
    },
    {
      "codUnitaOrganizzativa": "92f73379-704e-10aa-e053-0b14a8c0860e",
      "descUnitaOrganizzativaBreve": "",
      "descUnitaOrganizzativa": "Mirandola (Vol.)",
      "codTipologia": "DST",
      
      "dtValInizio": "20191017",
      "dtValFine": ""
      
    },
    {
      "codUnitaOrganizzativa": "92f73379-7066-10aa-e053-0b14a8c0860e",
      "descUnitaOrganizzativaBreve": "",
      "descUnitaOrganizzativa": "Magazzino La Pisana",
      "codTipologia": "DSL",
      
      "dtValInizio": "20191017",
      "dtValFine": ""
      
    },
    {
      "codUnitaOrganizzativa": "92f73379-6fac-10aa-e053-0b14a8c0860e",
      "descUnitaOrganizzativaBreve": "FIRENZE",
      "descUnitaOrganizzativa": "Comando VV.F. FIRENZE",
      "codTipologia": "CMD",
      
      "dtValInizio": "20191017",
      "dtValFine": ""
      
    },
    {
      "codUnitaOrganizzativa": "92f73379-6fcc-10aa-e053-0b14a8c0860e",
      "descUnitaOrganizzativaBreve": "PORDENONE",
      "descUnitaOrganizzativa": "Comando VV.F. PORDENONE",
      "codTipologia": "CMD",
      
      "dtValInizio": "20191017",
      "dtValFine": ""
      
    },
    {
      "codUnitaOrganizzativa": "92f73379-6fce-10aa-e053-0b14a8c0860e",
      "descUnitaOrganizzativaBreve": "PARMA",
      "descUnitaOrganizzativa": "Comando VV.F. PARMA",
      "codTipologia": "CMD",
      
      "dtValInizio": "20191017",
      "dtValFine": ""
      
    },
    {
      "codUnitaOrganizzativa": "92f73379-6fd1-10aa-e053-0b14a8c0860e",
      "descUnitaOrganizzativaBreve": "PAVIA",
      "descUnitaOrganizzativa": "Comando VV.F. PAVIA",
      "codTipologia": "CMD",
      
      "dtValInizio": "20191017",
      "dtValFine": ""
      
    },
    {
      "codUnitaOrganizzativa": "92f73379-6fdf-10aa-e053-0b14a8c0860e",
      "descUnitaOrganizzativaBreve": "Cratere Sicilia",
      "descUnitaOrganizzativa": "Comando di Cratere Sicilia",
      "codTipologia": "ISP",
      
      "dtValInizio": "20191017",
      "dtValFine": ""
      
    },
    {
      "codUnitaOrganizzativa": "92f73379-6fed-10aa-e053-0b14a8c0860e",
      "descUnitaOrganizzativaBreve": "SONDRIO",
      "descUnitaOrganizzativa": "Comando VV.F. SONDRIO",
      "codTipologia": "CMD",
      
      "dtValInizio": "20191017",
      "dtValFine": ""
      
    },
    {
      "codUnitaOrganizzativa": "92f73379-6ff4-10aa-e053-0b14a8c0860e",
      "descUnitaOrganizzativaBreve": "TRENTO",
      "descUnitaOrganizzativa": "Comando VV.F. TRENTO",
      "codTipologia": "CMD",
      
      "dtValInizio": "20191017",
      "dtValFine": ""
      
    },
    {
      "codUnitaOrganizzativa": "92f73379-7012-10aa-e053-0b14a8c0860e",
      "descUnitaOrganizzativaBreve": "Dir. Staff - Resp. Raccordo ONA",
      "descUnitaOrganizzativa": "Dirigente in posizione di Staff - Responsabile del raccordo con l'ONA del C.N.VV.F.",
      "codTipologia": "UFP",
      
      "dtValInizio": "20191017",
      "dtValFine": ""
      
    },
    {
      "codUnitaOrganizzativa": "92f73379-7020-10aa-e053-0b14a8c0860e",
      "descUnitaOrganizzativaBreve": "Uff. I - Dir. Staff - Resp. Doc. Istit.",
      "descUnitaOrganizzativa": "Ufficio I - Dirigente in posizione di staff - Responsabile per la documentazione istituzionale",
      "codTipologia": "UFP",
      
      "dtValInizio": "20191017",
      "dtValFine": ""
      
    },
    {
      "codUnitaOrganizzativa": "92f73379-702c-10aa-e053-0b14a8c0860e",
      "descUnitaOrganizzativaBreve": "Ufficio impiego flotta aerea AIB",
      "descUnitaOrganizzativa": "Ufficio per l'impiego della flotta aerea AIB",
      "codTipologia": "UFC",
      
      "dtValInizio": "20191017",
      "dtValFine": ""
      
    },
    {
      "codUnitaOrganizzativa": "92f73379-7038-10aa-e053-0b14a8c0860e",
      "descUnitaOrganizzativaBreve": "Scuole Centrali Antincendi",
      "descUnitaOrganizzativa": "Scuole Centrali Antincendi",
      "codTipologia": "UFC",
      
      "dtValInizio": "20191017",
      "dtValFine": ""
      
    },
    {
      "codUnitaOrganizzativa": "92f73379-7039-10aa-e053-0b14a8c0860e",
      "descUnitaOrganizzativaBreve": "Area III - Pianifi. e contr. formazione",
      "descUnitaOrganizzativa": "Area III - Pianificazione e controllo della formazione",
      "codTipologia": "ARE",
      
      "dtValInizio": "20191017",
      "dtValFine": ""
      
    },
    {
      "codUnitaOrganizzativa": "92f73379-7041-10aa-e053-0b14a8c0860e",
      "descUnitaOrganizzativaBreve": "",
      "descUnitaOrganizzativa": "Pietraperzia",
      "codTipologia": "DST",
      
      "dtValInizio": "20191017",
      "dtValFine": ""
      
    },
    {
      "codUnitaOrganizzativa": "92f73379-7054-10aa-e053-0b14a8c0860e",
      "descUnitaOrganizzativaBreve": "Dif.C. A.3 Centro Coordinamento",
      "descUnitaOrganizzativa": "Servizio I - Esercitazioni di difesa civile e Segreteria della CITDC",
      "codTipologia": "SRV",
      
      "dtValInizio": "20191017",
      "dtValFine": ""
      
    },
    {
      "codUnitaOrganizzativa": "92f73379-6fae-10aa-e053-0b14a8c0860e",
      "descUnitaOrganizzativaBreve": "FROSINONE",
      "descUnitaOrganizzativa": "Comando VV.F. FROSINONE",
      "codTipologia": "CMD",
      
      "dtValInizio": "20191017",
      "dtValFine": ""
      
    },
    {
      "codUnitaOrganizzativa": "92f73379-6fb8-10aa-e053-0b14a8c0860e",
      "descUnitaOrganizzativaBreve": "LODI",
      "descUnitaOrganizzativa": "Comando VV.F. LODI",
      "codTipologia": "CMD",
      
      "dtValInizio": "20191017",
      "dtValFine": ""
      
    }
  ]
}
